{"cameraMode":{"drawMode":0,"name":"Shaded","section":"Shading Mode"},"sceneLighting":true,"audioPlay":false,"sceneViewState":{"m_AlwaysRefresh":false,"showFog":true,"showSkybox":true,"showFlares":true,"showImageEffects":true,"showParticleSystems":true,"showVisualEffectGraphs":true,"m_FxEnabled":true},"in2DMode":false,"pivot":{"x":-0.2446894645690918,"y":4.784127235412598,"z":58.92980194091797},"rotation":{"x":-0.007808275055140257,"y":-0.017401669174432756,"z":0.0001362498733215034,"w":-0.9998117089271545},"size":39.70404052734375,"orthographic":false}